一,:,一,,,,,,
子,:,子,,,,,,
八,:,ノ,丶,,,,,
月,:,冂,二,,,,,
白,:,ノ,日,,,,,
金,:,𠆢,王,丷,,,,
車,:,一,日,十,,,,
木,:,十,ハ,,,,,
山,:,凵,｜,,,,,
父,:,ノ,丶,ノ,丶,,,
女,:,女,,,,,,
人,:,ノ,丶,,,,,
行,:,彳,二,亅,,,,
日,:,口,一,,,,,
火,:,人,丶,丶,,,,
西,:,一,儿,囗,,,,
十,:,一,｜,,,,,
小,:,亅,丶,丶,,,,
雨,:,雨,,,,,,
水,:,水,,,,,,
入,:,ノ,丶,,,,,
九,:,九,,,,,,
母,:,母,,,,,,
川,:,ノ,｜,｜,,,,
五,:,一,｜,ユ,,,,
二,:,二,,,,,,
生,:,𠂉,土,,,,,
長,:,長,,,,,,
食,:,𠆢,丶,艮,,,,
大,:,一,人,,,,,
高,:,亠,冂,口,口,,,
土,:,十,一,,,,,
見,:,儿,目,,,,,
右,:,一,ノ,口,,,,
語,:,言,五,口,,,,
校,:,木,亠,父,,,,
間,:,門,日,,,,,
円,:,冂,亠,,,,,
分,:,ハ,刀,,,,,
下,:,一 ,卜,,,,,
今,:,今,,,,,,
国,:,囗,王,丶,,,,
中,:,｜,口,,,,,
時,:,日,寺,,,,,
天,:,二,人,,,,,
七,:,七,,,,,,
北,:,爿,匕,,,,,
学,:,⺌,冖,子,,,,
前,:,丷,一,月,⺉,,,
年,:,年,,,,,,
午,:,𠂉,十,,,,,
読,:,言,士,冖,儿,,,
休,:,⺅,木,,,,,
名,:,夕,口,,,,,
東,:,木,日,,,,,
書,:,日,聿,,,,,
万,:,一 ,勹,,,,,
何,:,⺅,可,,,,,
気,:,气,丶,ノ,,,,
男,:,田,力,,,,,
四,:,囗,儿,,,,,
聞,:,門,耳,,,,,
千,:,ノ,十,,,,,
左,:,一,ノ,工,,,,
半,:,丷,一 ,十,,,,
電,:,雨,田,乙,,,,
出,:,山,山,,,,,
本,:,木,一,,,,,
上,:,卜,一,,,,,
来,:,一,米,,,,,
六,:,亠,ハ,,,,,
話,:,言,千,口,,,,
後,:,彳,幺,夂,,,,
南,:,十,冂,丷,干,,,
百,:,一,ノ,日,,,,
友,:,一,ノ,又,,,,
毎,:,𠂉,毋,,,,,
外,:,夕,卜,,,,,
先,:,ノ,土,儿,,,,
三,:,一,二,,,,,
音,:,立,日,,,,,
牛,:,𠂉,十,,,,,
魚,:,勹,田,⺣,,,,
犬,:,大,丶,,,,,
元,:,二,儿,,,,,
言,:,亠,二,口,,,,
口,:,口,,,,,,
工,:,二,｜,,,,,
黒,:,田,土,⺣,,,,
止,:,｜,卜,一,,,,
耳,:,耳,,,,,,
自,:,自,,,,,,
手,:,ノ,二,亅,,,,
色,:,勹,巴,,,,,
心,:,心,,,,,,
世,:,世,,,,,,
青,:,一,土,月,,,,
夕,:,夕,,,,,,
赤,:,赤,,,,,,
走,:,土,止,,,,,
足,:,口,止,,,,,
鳥,:,鳥,,,,,,
田,:,口,十,,,,,
肉,:,冂,人,人,,,,
買,:,⺲,目,ハ,,,,
品,:,口,口,口,,,,
風,:,几,ノ,虫,,,,
文,:,亠,丶,ノ,,,,
方,:,亠,勹,,,,,
目,:,口,二,,,,,
用,:,冂,二,｜,,,,
立,:,亠,丷,一,,,,
力,:,力,,,,,,
悪,:,亜,心,,,,,
安,:,宀,女,,,,,
以,:,｜,丶,人,,,,
医,:,匚,矢,,,,,
意,:,立,日,心,,,,
員,:,口,目,ハ,,,,
院,:,⻖,宀,元,,,,
飲,:,食,欠,,,,,
運,:,⻌,冖,車,,,,
英,:,⺾,央,,,,,
映,:,日,央,,,,,
駅,:,馬,尺,,,,,
屋,:,尸,至,,,,,
花,:,⺾,⺅,匕,,,,
夏,:,一,自,夂,,,,
家,:,宀,豕,,,,,
歌,:,可,可,欠,,,,
画,:,一,田,凵,,,,
会,:,𠆢,二,厶,,,,
海,:,⺡,𠂉,毋,,,,
界,:,田,𠆢,儿,,,,
開,:,門,一,廾,,,,
楽,:,冫,白,冫,木,,,
漢,:,⺡,⺾,口,一,大,,
館,:,食,官,,,,,
起,:,走,已,,,,,
帰,:,⺉,ヨ,冖,巾,,,
究,:,穴,九,,,,,
急,:,勹,ヨ,心,,,,
去,:,土,厶,,,,,
京,:,亠,口,小,,,,
強,:,弓,厶,虫,,,,
教,:,⺹,子,攵,,,,
業,:,業,,,,,,
近,:,⻌,斤,,,,,
銀,:,金,艮,,,,,
空,:,穴,工,,,,,
兄,:,口,儿,,,,,
計,:,言,十,,,,,
建,:,廴,聿,,,,,
研,:,石,一,廾,,,,
験,:,馬,𠆢,一,口,人,,
古,:,十,口,,,,,
広,:,广,厶,,,,,
考,:,⺹,勹,,,,,
作,:,⺅,𠂉,｜,二,,,
仕,:,⺅,士,,,,,
死,:,歹,匕,,,,,
私,:,禾,厶,,,,,
使,:,⺅,一,史,,,,
始,:,女,厶,口,,,,
姉,:,女,亠,巾,,,,
思,:,田,心,,,,,
紙,:,糸,氏,,,,,
試,:,言,弋,工,,,,
字,:,宀,子,,,,,
事,:,一,亅,口,ヨ,,,
持,:,⺘,寺,,,,,
室,:,宀,至,,,,,
質,:,斤,斤,貝,,,,
写,:,冖,与,,,,,
社,:,⺭,土,,,,,
者,:,⺹,日,,,,,
借,:,⺅,昔,,,,,
主,:,丶,王,,,,,
秋,:,禾,火,,,,,
終,:,糸,冬,,,,,
習,:,羽,白,,,,,
週,:,⻌,冂,土,口,,,
集,:,隹,木,,,,,
住,:,⺅,主,,,,,
重,:,千,田,土,,,,
春,:,二,大,日,,,,
少,:,小,ノ,,,,,
場,:,土,日,一,勿,,,
真,:,十,具,,,,,
新,:,立,木,斤,,,,
親,:,立,木,斤,見,,,
図,:,囗,斗,,,,,
正,:,一,止,,,,,
切,:,匕,刀,,,,,
早,:,日,十,,,,,
送,:,⻌,关,,,,,
族,:,方,𠂉,矢,,,,
多,:,夕,夕,,,,,
体,:,⺅,本,,,,,
待,:,彳,寺,,,,,
貸,:,⺅,弋,貝,,,,
代,:,⺅,弋,,,,,
台,:,厶,口,,,,,
題,:,日,疋,頁,,,,
地,:,土,也,,,,,
知,:,矢 ,口,,,,,
茶,:,⺾,𠆢,木,,,,
着,:,羊,目,ノ,,,,
注,:,⺡,主,,,,,
昼,:,尺,旦,,,,,
町,:,田,一,亅,,,,
朝,:,十,早,月,,,,
通,:,⻌,マ,用,,,,
弟,:,丷,弓,｜,ノ,,,
的,:,白,丶,勹,,,,
店,:,广,卜,口,,,,
転,:,車,云,,,,,
度,:,广,廾,又,,,,
冬,:,夂,冫,,,,,
答,:,竹,合,,,,,
同,:,冂,一,口,,,,
動,:,重,力,,,,,
堂,:,⺌,冖,口,土,,,
道,:,⻌,首,,,,,
特,:,牛,寺,,,,,
売,:,士,冖,儿,,,,
発,:,癶,二,儿,,,,
飯,:,食,厂,又,,,,
病,:,疒,一,人,冂,,,
不,:,不,,,,,,
服,:,月,卩,又,,,,
物,:,牛,勿,,,,,
別,:,口,力,⺉,,,,
勉,:,免,力,,,,,
歩,:,止,少,,,,,
妹,:,女,未,,,,,
味,:,口,未,,,,,
明,:,日,月,,,,,
問,:,門,口,,,,,
夜,:,亠,⺅,夕,,,,
野,:,里,予,,,,,
有,:,一,ノ,月,,,,
洋,:,⺡,羊,,,,,
曜,:,日,羽,隹,,,,
理,:,王,里,,,,,
旅,:,方,𠂉,氏,,,,
料,:,米,斗,,,,,
亡,:,亡,,,,,,
支,:,十,又,,,,,
欠,:,勹,人,,,,,
王,:,一,土,,,,,
石,:,一,ノ,口,,,,
示,:,二,小,,,,,
米,:,丷,木,,,,,
身,:,身,,,,,,
門,:,門,,,,,,
非,:,非,,,,,,
面,:,面,,,,,,
飛,:,飛,,,,,,
首,:,丷,一,自,,,,
馬,:,馬,,,,,,
歯,:,凵,止,米,,,,
愛,:,冖,夂,心,爪,,,
暗,:,日,立,日,,,,
位,:,⺅,立,,,,,
偉,:,⺅,韋,,,,,
違,:,⻌,韋,,,,,
育,:,亠,厶,月,,,,
引,:,弓,｜,,,,,
因,:,囗,大,,,,,
泳,:,⺡,丶,水,,,,
易,:,日,勿,,,,,
越,:,走,戊,,,,,
園,:,口,袁,,,,,
煙,:,火,西,土,,,,
遠,:,⻌,袁,,,,,
演,:,⺡,宀,由,ハ,,,
押,:,⺘,田,｜,,,,
横,:,木,井,由,ハ,,,
化,:,⺅,匕,,,,,
加,:,力,口,,,,,
可,:,一,亅,口,,,,
果,:,田,木,,,,,
科,:,禾,斗,,,,,
過,:,⻌,冂,冂,口,口,,
靴,:,革,⺅,匕,,,,
回,:,口,口,,,,,
皆,:,比,白,,,,,
絵,:,糸,𠆢,云,,,,
解,:,角,刀,牛,,,,
害,:,宀,土,一,口,,,
格,:,木,夂,口,,,,
覚,:,⺌,冖,見,,,,
確,:,石,宀,隹,,,,
活,:,⺡,舌,,,,,
割,:,害,⺉,,,,,
完,:,宀,元,,,,,
官,:,宀,｜,口,口,,,
寒,:,宀,井,一,ハ,冫,,
感,:,咸,心,,,,,
慣,:,⺖,毋,貝,,,,
関,:,門,关,,,,,
観,:,矢,隹,見,,,,
顔,:,立,厂,彡,頁,,,
願,:,厂,白,小,頁,,,
危,:,勹,厂,卩,,,,
記,:,言,已,,,,,
寄,:,宀,大,可,,,,
規,:,夫,見,,,,,
喜,:,十,豆,口,,,,
期,:,月,其,,,,,
機,:,木,幺,幺,戍,,,
疑,:,匕,矢,マ,疋,,,
議,:,言,羊,手,戈,,,
客,:,宀,夂,口,,,,
吸,:,口,及,,,,,
求,:,一,水,丶,,,,
球,:,王,一,水,丶,,,
給,:,糸,合,,,,,
居,:,尸,十,口,,,,
許,:,言,午,,,,,
御,:,彳,𠂉,止,卩,,,
共,:,二,ハ,｜,｜,,,
供,:,⺅,共,,,,,
恐,:,工,凡,心,,,,
曲,:,日,｜,｜,,,,
局,:,尸,勹,口,,,,
勤,:,⺾,口,一,土,力,,
区,:,匚,丶,ノ,,,,
苦,:,⺾,十,口,,,,
具,:,目,一,ハ,,,,
偶,:,⺅,冂,厶,田,,,
君,:,ヨ,ノ,口,,,,
形,:,开,彡,,,,,
係,:,⺅,ノ,糸,,,,
経,:,糸,又,土,,,,
景,:,日,京,,,,,
軽,:,車,又,土,,,,
警,:,苟,攵,言,,,,
迎,:,⻌,ノ,｜,卩,,,
決,:,⺡,ユ,人,,,,
件,:,⺅,牛,,,,,
県,:,県,,,,,,
険,:,⻖,𠆢,一,口,人,,
権,:,木,矢,隹,,,,
限,:,⻖,艮,,,,,
原,:,厂,白,小,,,,
現,:,王,目,儿,,,,
呼,:,口,千,丷,,,,
互,:,一,彑,,,,,
誤,:,言,口,天,,,,
交,:,亠,父,,,,,
光,:,⺌,一,儿,,,,
向,:,ノ,冂,口,,,,
好,:,女,子,,,,,
更,:,一,日,ノ,丶,,,
幸,:,十,立,十,,,,
候,:,⺅,｜,ユ,矢,,,
降,:,⻖,夂,工,｜,,,
港,:,⺡,井,ハ,已,,,
構,:,木,井,再,,,,
号,:,口,一,勹,,,,
合,:,𠆢,一,口,,,,
告,:,ノ,土,口,,,,
刻,:,亥,⺉,,,,,
込,:,⻌,入,,,,,
困,:,囗,木,,,,,
婚,:,女,氏,日,,,,
差,:,羊,工,,,,,
座,:,广,人,人,土,,,
才,:,一,ノ,亅,,,,
妻,:,十,ヨ,女,,,,
済,:,⺡,斉,,,,,
菜,:,⺾,爪,木,,,,
最,:,日,耳,又,,,,
歳,:,止,戈,ノ,示,,,
際,:,⻖,癶,示,,,,
在,:,一,ノ,｜,土,,,
財,:,貝,才,,,,,
罪,:,⺲,非,,,,,
昨,:,日,𠂉,｜,二,,,
殺,:,丶,ノ,木,殳,,,
察,:,宀,癶,示,,,,
雑,:,九,木,隹,,,,
参,:,厶,大,彡,,,,
産,:,立,厂,生,,,,
散,:,廾,一,月,攵,,,
賛,:,夫,夫,貝,,,,
残,:,歹,二,戈,,,,
市,:,亠,巾,,,,,
指,:,⺘,匕,日,,,,
師,:,ノ,｜,口,口,一,巾,
資,:,冫,欠,貝,,,,
次,:,冫,欠,,,,,
似,:,⺅,｜,丶,人,,,
治,:,⺡,厶,口,,,,
辞,:,舌,辛,,,,,
式,:,工,弋,,,,,
識,:,言,音,戈,,,,
失,:,ノ,二,人,,,,
実,:,宀,士,大,,,,
若,:,⺾,右,,,,,
弱,:,弓,冫,弓,冫,,,
守,:,宀,寸,,,,,
取,:,耳,又,,,,,
酒,:,⺡,酉,,,,,
種,:,禾,千,里,,,,
受,:,爪,冖,又,,,,
収,:,｜,｜,又,,,,
宿,:,宀,⺅,百,,,,
術,:,行,木,丶,,,,
処,:,夂,几,,,,,
初,:,⻂,刀,,,,,
所,:,戸,斤,,,,,
暑,:,日,⺹,日,,,,
緒,:,糸,⺹,日,,,,
助,:,且,力,,,,,
除,:,⻖,𠆢,示,,,,
招,:,⺘,刀,口,,,,
消,:,⺡,⺌,月,,,,
笑,:,竹,ノ,大,,,,
商,:,立,冂,儿,口,,,
勝,:,月,丷,二,人,力,,
状,:,爿,犬,,,,,
乗,:,禾,开,,,,,
常,:,⺌,冖,口,巾,,,
情,:,⺖,青,,,,,
職,:,耳,音,戈,,,,
申,:,｜,日,,,,,
信,:,⺅,言,,,,,
神,:,⺭,｜,田,,,,
深,:,⺡,冖,儿,木,,,
進,:,⻌,隹,,,,,
森,:,木,木,木,,,,
寝,:,宀,爿,ヨ,冖,又,,
吹,:,口,欠,,,,,
数,:,米,女,攵,,,,
成,:,ノ,卩,戈,,,,
声,:,士,尸,｜,,,,
制,:,牛,巾,⺉,,,,
性,:,⺖,生,,,,,
政,:,正,攵,,,,,
晴,:,日,青,,,,,
精,:,米,青,,,,,
静,:,争,青,,,,,
昔,:,井,日,,,,,
席,:,广,一,凵,巾,,,
責,:,一,土,貝,,,,
積,:,禾,責,,,,,
折,:,⺘,斤,,,,,
雪,:,雨,ヨ,,,,,
説,:,言,丷,兄,,,,
絶,:,糸,色,,,,,
洗,:,⺡,ノ,土,儿,,,
船,:,舟,ハ,口,,,,
戦,:,⺌,田,十,戈,,,
選,:,⻌,已,已,共,,,
全,:,𠆢,王,,,,,
然,:,月,犬,⺣,,,,
祖,:,⺭,且,,,,,
組,:,糸,且,,,,,
争,:,勹,ヨ,亅,,,,
相,:,木,目,,,,,
草,:,⺾,日,十,,,,
窓,:,穴,厶,心,,,,
想,:,木,目,心,,,,
増,:,土,丷,田,日,,,
束,:,木,口,,,,,
息,:,自,心,,,,,
速,:,⻌,束,,,,,
側,:,⺅,貝,⺉,,,,
続,:,糸,士,冖,儿,,,
存,:,一,ノ,｜,子,,,
村,:,木,寸,,,,,
他,:,⺅,也,,,,,
打,:,⺘,丁,,,,,
太,:,大,丶,,,,,
対,:,文,寸,,,,,
退,:,⻌,艮,,,,,
宅,:,宀,ノ,七 ,,,,
達,:,⻌,土,羊,,,,
単,:,⺌,田,十,,,,
探,:,⺘,冖,儿,木,,,
短,:,矢,豆,,,,,
段,:,ノ,｜,三,殳,,,
断,:,米,｜,一,斤,,,
談,:,言,火,火,,,,
池,:,⺡,也,,,,,
値,:,⺅,直,,,,,
恥,:,耳,心,,,,,
遅,:,⻌,尸,羊,,,,
置,:,⺲,直,,,,,
頂,:,丁,頁,,,,,
調,:,言,冂,土,口,,,
直,:,十,目,一,,,,
追,:,⻌,ノ,｜,口,口,,
痛,:,疒,マ,用,,,,
低,:,⺅,氏,一,,,,
定,:,宀,疋,,,,,
庭,:,广,廴,王,,,,
程,:,禾,口,王,,,,
適,:,⻌,立,冂,古,,,
点,:,卜,口,⺣,,,,
伝,:,⺅,云,,,,,
徒,:,彳,走,,,,,
途,:,⻌,𠆢,示,,,,
都,:,⺹,日,⻏,,,,
渡,:,⺡,广,廾,又,,,
努,:,女,又,力,,,,
怒,:,女,又,心,,,,
当,:,⺌,ヨ,,,,,
投,:,⺘,殳,,,,,
到,:,至,⺉,,,,,
逃,:,⻌,冫,儿,冫,,,
倒,:,⺅,至,⺉,,,,
盗,:,冫,欠,皿,,,,
登,:,癶,豆,,,,,
等,:,竹,土,寸,,,,
頭,:,豆,頁,,,,,
働,:,⺅,重,力,,,,
得,:,彳,日,一,寸,,,
突,:,穴,犬,,,,,
内,:,冂,人,,,,,
難,:,⺾,口,夫,隹,,,
任,:,⺅,王,,,,,
認,:,言,丶,刀,心,,,
熱,:,土,儿,土,丸,⺣,,
念,:,今,心,,,,,
能,:,厶,月,匕,匕,,,
破,:,石,皮,,,,,
杯,:,木,不,,,,,
背,:,爿,匕,月,,,,
配,:,酉,已,,,,,
敗,:,貝,攵,,,,,
箱,:,竹,木,目,,,,
髪,:,長,彡,友,,,,
抜,:,⺘,友,,,,,
反,:,厂,又,,,,,
犯,:,⺨,卩,,,,,
判,:,半,⺉,,,,,
阪,:,⻖,厂,又,,,,
晩,:,日,免,,,,,
番,:,釆,田,,,,,
否,:,不,口,,,,,
彼,:,彳,皮,,,,,
疲,:,疒,皮,,,,,
悲,:,非,心,,,,,
費,:,弓,ハ,貝,,,,
美,:,羊,大,,,,,
備,:,⺅,⺾,厂,用,,,
必,:,心,ノ,,,,,
表,:,士,衣,,,,,
猫,:,⺨,⺾,田,,,,
貧,:,分,貝,,,,,
夫,:,二,人,,,,,
付,:,⺅,寸,,,,,
怖,:,⺖,一,ノ,巾,,,
負,:,勹,貝,,,,,
浮,:,⺡,爪,子,,,,
婦,:,女,ヨ,冖,女,,,
富,:,宀,一,口,田,,,
部,:,立,口,⻏,,,,
舞,:,無,舛,,,,,
福,:,⺭,一,口,田,,,
腹,:,月,𠂉,日,夂,,,
払,:,⺘,厶,,,,,
平,:,干,丷,,,,,
閉,:,門,才,,,,,
返,:,⻌,厂,又,,,,
変,:,亦,夂,,,,,
便,:,⺅,更,,,,,
捕,:,⺘,甫,,,,,
暮,:,⺾,日,大,日,,,
抱,:,⺘,勹,已,,,,
放,:,方,攵,,,,,
法,:,⺡,去,,,,,
訪,:,言,方,,,,,
報,:,十,立,十,卩,又,,
忙,:,⺖,亡,,,,,
忘,:,亡,心,,,,,
望,:,亡,月,王,,,,
末,:,亠,木,,,,,
満,:,⺡,廾,両,,,,
未,:,亠,木,,,,,
民,:,尸,氏,,,,,
眠,:,目,尸,氏,,,,
務,:,矛,夂,力,,,,
夢,:,⺾,⺲,冖,夕,,,
娘,:,女,丶,艮,,,,
命,:,𠆢,一,口,卩,,,
迷,:,⻌,米,,,,,
鳴,:,口,鳥,,,,,
役,:,彳,殳,,,,,
約,:,糸,勹,丶,,,,
薬,:,⺾,冫,日,冫,木,,
由,:,｜,田,,,,,
遊,:,⻌,方,𠂉,子,,,
優,:,⺅,一,自,冖,心,夂,
与,:,卜,勹,一,,,,
予,:,マ,一,亅,,,,
余,:,𠆢,示,,,,,
要,:,西,女,,,,,
容,:,宀,谷,,,,,
葉,:,⺾,世,木,,,,
陽,:,⻖,日,一,勿,,,
様,:,木,羊,水,,,,
欲,:,谷,欠,,,,,
頼,:,束,頁,,,,,
落,:,⺾,⺡,各,,,,
利,:,禾,⺉,,,,,
流,:,⺡,亠,厶,川,,,
留,:,厶,刀,田,,,,
両,:,一,｜,冂,山,,,
良,:,丶,艮,,,,,
林,:,木,木,,,,,
類,:,米,犬,頁,,,,
礼,:,⺭,乙,,,,,
冷,:,冫,令,,,,,
戻,:,戸,大,,,,,
例,:,⺅,歹,⺉,,,,
列,:,歹,⺉,,,,,
連,:,⻌,車,,,,,
路,:,足,夂,口,,,,
老,:,⺹,匕,,,,,
労,:,⺌,冖,力,,,,
論,:,言,𠆢,一,冊,,,
和,:,禾,口,,,,,
干,:,一,十,,,,,
久,:,久,,,,,,
戸,:,一,尸,,,,,
比,:,比,,,,,,
毛,:,毛,,,,,,
片,:,片,,,,,,
甘,:,甘,,,,,,
皮,:,皮,,,,,,
皿,:,皿,,,,,,
巨,:,匚,口,,,,,
冊,:,冂,廾,,,,,
竹,:,竹,,,,,,
糸,:,小,幺,,,,,
羽,:,羽,,,,,,
虫,:,虫,,,,,,
血,:,ノ,皿,,,,,
衣,:,衣,,,,,,
臣,:,巨,｜,｜,,,,
角,:,勹,月,｜,,,,
谷,:,ハ,𠆢,口,,,,
貝,:,目,ハ,,,,,
舟,:,ノ,冂,一,冫,,,
辛,:,立,十,,,,,
麦,:,亠,土,夂,,,,
革,:,廾,口,十,,,,
香,:,禾,日,,,,,
骨,:,冂,口,冖,月,,,
黄,:,井,由,ハ,,,,
無,:,𠂉,廾,廾,一,⺣,,
鼻,:,自,田,廾,,,,
圧,:,厂,土,,,,,
案,:,宀,女,木,,,,
囲,:,囗,井,,,,,
依,:,⺅,衣,,,,,
委,:,禾,女,,,,,
胃,:,田,月,,,,,
異,:,田,共,,,,,
移,:,禾,夕,夕,,,,
域,:,土,口,一,戈,,,
印,:,ノ,｜,二,卩,,,
宇,:,宀,干,,,,,
雲,:,雨,云,,,,,
永,:,丶,水,,,,,
栄,:,⺌,冖,木,,,,
営,:,⺌,冖,口,ノ,口,,
鋭,:,金,丷,兄,,,,
液,:,⺡,亠,⺅,夕,,,
延,:,廴,ノ,止,,,,
塩,:,土,𠂉,口,皿,,,
汚,:,⺡,二,勹,,,,
央,:,冖,大,,,,,
応,:,广,心,,,,,
欧,:,区,欠,,,,,
奥,:,ノ,冂,大,米,,,
億,:,⺅,立,日,心,,,
温,:,⺡,日,皿,,,,
仮,:,⺅,厂,又,,,,
価,:,⺅,西,,,,,
河,:,⺡,可,,,,,
荷,:,⺾,⺅,可,,,,
菓,:,⺾,田,木,,,,
貨,:,⺅,匕,貝,,,,
課,:,言,田,木,,,,
介,:,𠆢,ハ,,,,,
灰,:,厂,火,,,,,
快,:,⺖,ユ,人,,,,
改,:,已,攵,,,,,
械,:,廾,戈,木,,,,
階,:,⻖,比,白,,,,
各,:,夂,口,,,,,
拡,:,⺘,广,厶,,,,
較,:,車,亠,父,,,,
額,:,宀,各,頁,,,,
刊,:,干,⺉,,,,,
汗,:,⺡,干,,,,,
巻,:,丷,夫,已,,,,
看,:,手,目,,,,,
乾,:,十,早,乞,,,,
換,:,⺘,勹,冂 ,儿,大,,
管,:,竹,官,,,,,
環,:,王,⺲,一,口,衣,,
簡,:,竹,門,日,,,,
丸,:,丶,九,,,,,
含,:,今,口,,,,,
岸,:,山,厂,干,,,,
岩,:,山,石,,,,,
机,:,木,几,,,,,
希,:,ノ,丶,一,ノ,巾,,
祈,:,⺭,斤,,,,,
季,:,禾,子,,,,,
基,:,其,土,,,,,
技,:,⺘,十,又,,,,
喫,:,口,三,｜,刀,大,,
詰,:,言,士,口,,,,
逆,:,⻌,丷,一,屮,,,
旧,:,｜,日,,,,,
漁,:,⺡,魚,,,,,
叫,:,口,十,｜,,,,
協,:,十,力,力,力,,,
況,:,⺡,口,儿,,,,
挟,:,⺘,二,丷,人,,,
胸,:,月,勹,凶 ,,,,
境,:,土,立,日,儿,,,
橋,:,木,呑,冂,口,,,
競,:,立,兄,立,兄,,,
極,:,木,口,了,又,一,,
玉,:,王,丶,,,,,
均,:,土,勹,冫,,,,
禁,:,木,木,示,,,,
隅,:,⻖,田,冂,厶,,,
掘,:,⺘,尸,山,山,,,
訓,:,言,川,,,,,
軍,:,冖,車,,,,,
群,:,ヨ,ノ,口,羊,,,
型,:,一,廾,⺉,土,,,
恵,:,十,田,心,,,,
敬,:,⺾,勹,口,攵,,,
傾,:,⺅,匕,頁,,,,
芸,:,⺾,云,,,,,
劇,:,虍,豕,⺉,,,,
券,:,丷,夫,刀,,,,
肩,:,戸,月,,,,,
軒,:,車,干,,,,,
健,:,⺅,廴,聿,,,,
賢,:,臣,又,貝,,,,
減,:,⺡,咸,,,,,
固,:,口,十,口,,,,
故,:,十,口,攵,,,,
枯,:,木,十,口,,,,
個,:,⺅,口,十,口,,,
庫,:,广,車,,,,,
湖,:,⺡,十,口,月,,,
雇,:,戸,隹,,,,,
公,:,ハ,厶,,,,,
効,:,亠,父,力,,,,
肯,:,止,月,,,,,
厚,:,厂,日,子,,,,
紅,:,糸,工,,,,,
荒,:,⺾,亡,川,,,,
郊,:,亠,父,⻏,,,,
耕,:,耒,井,,,,,
航,:,舟,亠,几,,,,
康,:,广,隶,,,,,
硬,:,石,更,,,,,
鉱,:,金,广,厶,,,,
講,:,言,井,再,,,,
根,:,木,艮,,,,,
混,:,⺡,日,比,,,,
査,:,木,目,一,,,,
砂,:,石,少,,,,,
再,:,王,冂,,,,,
採,:,⺘,爪,木,,,,
祭,:,癶,示,,,,,
細,:,糸,田,,,,,
材,:,木,才,,,,,
咲,:,口,丷,天,,,,
札,:,木,乙,,,,,
刷,:,尸,巾,⺉,,,,
算,:,竹,目,廾,,,,
史,:,口,ノ,丶,,,,
司,:,一,亅,一,口,,,
伺,:,⺅,司,,,,,
志,:,士,心,,,,,
刺,:,木,冂,⺉,,,,
枝,:,木,十,又,,,,
脂,:,月,匕,日,,,,
詞,:,言,司,,,,,
誌,:,言,士,心,,,,
寺,:,土,寸,,,,,
児,:,｜,日,儿,,,,
湿,:,⺡,日,｜,｜,丷,一,
捨,:,⺘,𠆢,舌,,,,
授,:,⺘,爪,冖,又,,,
州,:,川,丶,丶,丶,,,
周,:,冂,土,口,,,,
拾,:,⺘,𠆢,一,口,,,
修,:,⺅,｜,攵,彡,,,
柔,:,木,矛,,,,,
祝,:,⺭,儿,口,,,,
述,:,⻌,木,丶,,,,
純,:,糸,屯,,,,,
順,:,川,頁,,,,,
準,:,⺡,隹,十,,,,
署,:,⺲,⺹,日,,,,
諸,:,言,⺹,日,,,,
召,:,刀,口,,,,,
床,:,广,木,,,,,
承,:,手,丶,ノ,,,,
昇,:,日,ノ,廾,,,,
将,:,爿,爪,寸,,,,
章,:,立,早,,,,,
紹,:,糸,刀,口,,,,
焼,:,火,十,十,十,儿,,
象,:,勹,口,豕,,,,
照,:,日,刀,口,⺣,,,
賞,:,⺌,冖,口,貝,,,
条,:,夂,木,,,,,
城,:,土,成,,,,,
畳,:,田,冖,目,一,,,
蒸,:,⺾,一,水,一,⺣,,
植,:,木,直,,,,,
触,:,虫,角,,,,,
伸,:,⺅,申,,,,,
針,:,金,十,,,,,
震,:,雨,辰,,,,,
姓,:,女,生,,,,,
星,:,日,生,,,,,
省,:,少,目,,,,,
清,:,⺡,青,,,,,
勢,:,土,儿,土,丸,力,,
整,:,束,攵,正,,,,
税,:,禾,丷,兄,,,,
績,:,糸,責,,,,,
接,:,⺘,立,女,,,,
設,:,言,殳,,,,,
節,:,竹,艮,卩,,,,
占,:,卜,口,,,,,
専,:,十,田,寸,,,,
泉,:,白,水,,,,,
浅,:,⺡,二,戈,,,,
線,:,糸,白,水,,,,
善,:,羊,丷,一,口,,,
双,:,又,又,,,,,
捜,:,⺘,申,又,,,,
掃,:,⺘,ヨ,冖,巾,,,
装,:,爿,士,衣,,,,
層,:,尸,丷,田,日,,,
総,:,糸,ハ,厶,心,,,
操,:,⺘,品,木,,,,
燥,:,火,品,木,,,,
造,:,⻌,告,,,,,
像,:,⺅,勹,口,豕,,,
憎,:,⺖,丷,田,日,,,
蔵,:,⺾,ノ,戈,臣,,,
贈,:,貝,丷,田,日,,,
臓,:,月,⺾,ノ,戈,臣,,
則,:,貝,⺉,,,,,
測,:,⺡,貝,⺉,,,,
卒,:,亠,人,人,十,,,
孫,:,子,ノ,糸,,,,
尊,:,丷,酉,寸,,,,
損,:,⺘,口,貝,,,,
帯,:,十,凵,冖,巾,,,
袋,:,⺅,弋,衣,,,,
替,:,夫,夫,日,,,,
濯,:,⺡,ヨ,ヨ,隹,,,
担,:,⺘,日,一,,,,
炭,:,山,厂,火,,,,
団,:,囗,寸,,,,,
畜,:,玄,田,,,,,
築,:,竹,工,凡,木,,,
仲,:,⺅,中,,,,,
柱,:,木,主,,,,,
駐,:,馬,主,,,,,
著,:,⺾,⺹,日,,,,
貯,:,貝,宀,丁,,,,
庁,:,广,丁,,,,,
兆,:,儿,冫,冫,,,,
張,:,弓,長,,,,,
超,:,走,刀,口,,,,
沈,:,⺡,冖,尢,,,,
珍,:,王,𠆢,彡,,,,
賃,:,⺅,壬,貝,,,,
底,:,广,氏,,,,,
停,:,⺅,亠,口,冖,丁,,
泥,:,⺡,尸,匕,,,,
滴,:,⺡,立,冂,古,,,
鉄,:,金,失,,,,,
展,:,尸,衣,廾,,,,
殿,:,尸,共,殳,,,,
塗,:,⺡,余,土,,,,
灯,:,火,丁,,,,,
凍,:,冫,東,,,,,
島,:,山,鳥,,,,,
党,:,⺌,冖,兄,,,,
塔,:,土,⺾,合,,,,
湯,:,⺡,日,一,勿,,,
筒,:,竹,同,,,,,
童,:,立,里,,,,,
銅,:,金,同,,,,,
導,:,⻌,首,寸,,,,
毒,:,亠,土,毋,,,,
届,:,尸,由,,,,,
鈍,:,金,屯,,,,,
曇,:,日,雨,云,,,,
軟,:,車,欠,,,,,
乳,:,爪,子,乙,,,,
燃,:,火,夕,犬,⺣,,,
悩,:,⺖,⺌,凶,,,,
脳,:,月,⺌,凶,,,,
農,:,曲,辰,,,,,
濃,:,⺡,曲,辰,,,,
波,:,⺡,皮,,,,,
拝,:,⺘,干,干,,,,
倍,:,⺅,立,口,,,,
泊,:,⺡,白,,,,,
薄,:,⺾,⺡,甫,寸,,,
爆,:,火,日,井,水,,,
肌,:,几,月,,,,,
坂,:,土,厂,又,,,,
板,:,木,厂,又,,,,
版,:,片,厂,又,,,,
般,:,舟,几,又,,,,
販,:,貝,厂,又,,,,
批,:,⺘,比,,,,,
被,:,⻂,皮,,,,,
匹,:,匚,儿,,,,,
筆,:,竹,聿,,,,,
氷,:,丶,水,,,,,
評,:,言,干,丷,,,,
標,:,木,西,示,,,,
秒,:,禾,少,,,,,
布,:,一,ノ,巾,,,,
府,:,广,⺅,寸,,,,
符,:,竹,⺅,寸,,,,
普,:,並,日,,,,,
膚,:,虍,田,月,,,,
武,:,一,弋,止,,,,
封,:,土,土,寸,,,,
副,:,一,口,田,⺉,,,
幅,:,巾,一,口,田,,,
復,:,彳,𠂉,日,夂,,,
複,:,⻂,𠂉,日,夂,,,
沸,:,⺡,弓,ノ,｜,,,
仏,:,⺅,厶,,,,,
粉,:,米,分,,,,,
兵,:,斤,一,ハ,,,,
並,:,並,,,,,,
壁,:,尸,口,辛,土,,,
辺,:,⻌,刀,,,,,
編,:,糸,戸,冊,,,,
保,:,⺅,口,木,,,,
補,:,⻂,十,丶,用,,,
募,:,⺾,日,大,力,,,
包,:,勹,已,,,,,
宝,:,宀,王,丶,,,,
豊,:,曲,豆,,,,,
防,:,⻖,方,,,,,
帽,:,巾,日,目,,,,
棒,:,木,奉,,,,,
貿,:,厶,刀,貝,,,,
暴,:,日,井,水,,,,
磨,:,广,木,木,石,,,
枚,:,木,攵,,,,,
埋,:,土,里,,,,,
綿,:,糸,白,巾,,,,
油,:,⺡,由,,,,,
輸,:,車,𠆢,一,月,⺉,,
勇,:,マ,田,力,,,,
郵,:,⻏,垂,,,,,
預,:,予,頁,,,,,
幼,:,幺,力,,,,,
溶,:,⺡,宀,谷,,,,
腰,:,月,西,女,,,,
踊,:,足,マ,用,,,,
浴,:,⺡,谷,,,,,
翌,:,羽,立,,,,,
絡,:,糸,各,,,,,
乱,:,乙,舌,,,,,
卵,:,卯,丶,丶,,,,
裏,:,亠,里,衣,,,,
陸,:,⻖,土,儿,土,,,
律,:,彳,聿,,,,,
略,:,田,夂,口,,,,
粒,:,米,立,,,,,
了,:,了,,,,,,
涼,:,⺡,京,,,,,
量,:,旦,里,,,,,
領,:,令,頁,,,,,
療,:,疒,大,丷,日,小,,
緑,:,糸,ヨ,水,,,,
輪,:,車,𠆢,一,冊,,,
涙,:,⺡,戸,大,,,,
令,:,今,丶,,,,,
零,:,雨,令,,,,,
齢,:,凵,止,米,令,,,
歴,:,厂,木,木,止,,,
恋,:,亦,心,,,,,
練,:,糸,東,,,,,
録,:,金,ヨ,水,,,,
湾,:,⺡,亦,弓,,,,
腕,:,月,宀,夕,卩,,,
乙,:,乙,,,,,,
又,:,又,,,,,,
士,:,十,一,,,,,
寸,:,一,｜,丶,,,,
弓,:,弓,,,,,,
及,:,丶,乃,,,,,
斗,:,一,｜,冫,,,,
斤,:,斤,,,,,,
氏,:,氏,,,,,,
井,:,二,ノ,｜,,,,
屯,:,ノ,凵,乙,,,,
玄,:,亠,幺,,,,,
矛,:,矛,,,,,,
矢,:,𠂉,大,,,,,
穴,:,宀,ハ,,,,,
缶,:,午,凵,,,,,
羊,:,羊,,,,,,
至,:,一,厶,土,,,,
舌,:,千,口,,,,,
豆,:,一,口,丷,一,,,
岡,:,冂,丷,一,山,,,
免,:,勹,口,儿,,,,
斉,:,文,廾,,,,,
鬼,:,ノ,田,儿,厶,,,
竜,:,立,田,乙,,,,
鹿,:,鹿,,,,,,
麻,:,广,木,木,,,,
亀,:,勹,田,田,乙,,,
鼓,:,十,豆,支 ,,,,
己,:,已,,,,,,
刀,:,刀,,,,,,
亜,:,二,口,｜,｜,,,
哀,:,口,衣,,,,,
握,:,⺘,尸,至,,,,
扱,:,⺘,及,,,,,
嵐,:,山,几,ノ,虫,,,
威,:,ノ,戈,一,女,,,
為,:,為,,,,,,
尉,:,尸,示,寸,,,,
維,:,糸,隹,,,,,
慰,:,尸,示,寸,心,,,
遺,:,⻌,中,一,貝,,,
緯,:,糸,韋,,,,,
壱,:,士,冖,匕,,,,
逸,:,⻌,免,丶,,,,
芋,:,⺾,干,,,,,
姻,:,女,口,大,,,,
陰,:,⻖,今,云,,,,
隠,:,⻖,爪,ヨ,心,,,
韻,:,音,口,貝,,,,
唄,:,口,貝,,,,,
畝,:,亠,田,久,,,,
浦,:,,十,丶,用,,,
詠,:,言,丶,水,,,,
影,:,日,京,彡,,,,
衛,:,行,韋,,,,,
疫,:,疒,殳,,,,,
益,:,丷,一,ハ,皿,,,
悦,:,⺖,丷,兄,,,,
謁,:,言,日,勹,匕,,,
閲,:,門,丷,兄,,,,
沿,:,⺡,ハ,口,,,,
炎,:,火,火,,,,,
宴,:,宀,日,女,,,,
媛,:,女,爪,一,友,,,
援,:,⺘,爪,一,友,,,
猿,:,⺨,土,口,衣,,,
鉛,:,金,ハ,口,,,,
縁,:,糸,ヨ,豕,,,,
艶,:,曲,豆,色,,,,
凹,:,凵,凵,一,一,,,
往,:,彳,丶,王,,,,
旺,:,日,王,,,,,
殴,:,区,殳,,,,,
桜,:,木,⺌,女,,,,
翁,:,ハ,厶,羽,,,,
憶,:,⺖,音,心,,,,
虞,:,虍,呉,,,,,
卸,:,午,止,卩,,,,
恩,:,囗,大,心,,,,
穏,:,禾,爪,ヨ,心,,,
佳,:,⺅,土,土,,,,
架,:,力,口,木,,,,
華,:,⺾,手,十,十,,,
渦,:,⺡,冂,口,冂,口,,
嫁,:,女,宀,豕,,,,
暇,:,日,尸,二,匚,又,,
禍,:,⺭,冂,口,冂,口,,
寡,:,宀,一,自,分,,,
箇,:,竹,口,古,,,,
稼,:,禾,宀,豕,,,,
蚊,:,虫,文,,,,,
我,:,,,,,,,
芽,:,⺾,牙,,,,,
賀,:,力,口,貝,,,,
雅,:,牙,隹,,,,,
餓,:,食,手,戈,,,,
戒,:,戈,廾,,,,,
怪,:,⺖,又,土,,,,
拐,:,⺘,口,刀,,,,
悔,:,⺖,𠂉,毋,,,,
塊,:,土,鬼,,,,,
壊,:,土,亠,⺲,衣,,,
懐,:,⺖,亠,⺲,衣,,,
劾,:,亥,力,,,,,
涯,:,⺡,厂,土,土,,,
街,:,行,土,土,,,,
慨,:,⺖,艮,牙,,,,
該,:,言,亥,,,,,
概,:,木,艮,牙,,,,
垣,:,土,一,旦,,,,
核,:,木,亥,,,,,
殻,:,士,冖,几,殳,,,
郭,:,亠,口,子,⻏,,,
隔,:,⻖,鬲,,,,,
閣,:,門,夂,口,,,,
獲,:,⺨,⺾,隹,又,,,
嚇,:,口,赤,赤,,,,
穫,:,禾,⺾,隹,又,,,
岳,:,斤,一,山,,,,
掛,:,⺘,土,土,卜,,,
潟,:,⺡,臼,勹,⺣,,,
括,:,⺘,舌,,,,,
喝,:,口,日,勹,匕,,,
渇,:,⺡,日,勹,匕,,,
滑,:,⺡,骨,,,,,
褐,:,⻂,日,勹,匕,,,
轄,:,車,害,,,,,
且,:,目,一,,,,,
株,:,木,朱,,,,,
鎌,:,金,兼,,,,,
刈,:,丶,ノ,⺉,,,,
肝,:,月,干,,,,,
冠,:,冖,元,寸,,,,
陥,:,⻖,勹,｜,日,,,
勘,:,甚,力,,,,,
患,:,｜,口,口,心,,,
貫,:,毋,貝,,,,,
喚,:,口,勹,冂,儿,大,,
堪,:,土,甚,,,,,
敢,:,耳,攵,,,,,
棺,:,木,口,口,宀,,,
款,:,士,示,欠,,,,
閑,:,門,木,,,,,
勧,:,矢,隹,力,,,,
寛,:,宀,⺾,見,,,,
幹,:,十,早,𠆢,干,,,
歓,:,矢,隹,欠,,,,
監,:,臣,𠂉,丶,皿,,,
緩,:,糸,爪,一,友,,,
憾,:,⺖,咸,心,,,,
還,:,⻌,⺲,口,衣,,,
艦,:,舟,皿,臣,𠂉,丶,,
鑑,:,金,皿,臣,𠂉,丶,,
眼,:,目,艮,,,,,
頑,:,二,儿,頁,,,,
企,:,𠆢,止,,,,,
伎,:,⺅,十,又,,,,
岐,:,山,十,又,,,,
忌,:,已,心,,,,,
汽,:,⺡,气,,,,,
奇,:,大,可,,,,,
紀,:,糸,已,,,,,
軌,:,車,九,,,,,
既,:,艮,牙,,,,,
飢,:,食,几,,,,,
幾,:,幺,幺,戍,,,,
揮,:,⺘,冖,車,,,,
棋,:,木,甘,ハ,,,,
貴,:,中,一,貝,,,,
棄,:,云,廾,木,,,,
旗,:,方,𠂉,甘,ハ,,,
器,:,大,口,口,口,口,,
輝,:,⺌,一,儿,冖,車,,
騎,:,馬,大,可,,,,
宜,:,宀,且,,,,,
偽,:,⺅,為,,,,,
欺,:,其,欠,,,,,
義,:,羊,手,戈,,,,
儀,:,⺅,羊,手,戈,,,
戯,:,虚,戈,,,,,
擬,:,⺘,匕,矢,マ,疋,,
犠,:,牛,羊,手,戈,,,
菊,:,⺾,勹,米,,,,
吉,:,士,口,,,,,
却,:,去,卩,,,,,
脚,:,月,去,卩,,,,
虐,:,虍,匚,一,,,,
丘,:,斤,一,,,,,
朽,:,木,一,勹,,,,
泣,:,⺡,立,,,,,
級,:,糸,及,,,,,
糾,:,糸,十,｜,,,,
宮,:,宀,口,口,ノ,,,
救,:,一,水,丶,攵,,,
窮,:,穴,身,弓,,,,
拒,:,⺘,巨,,,,,
拠,:,⺘,攵,几,,,,
挙,:,⺌,ハ,手,,,,
虚,:,虍,｜,｜,丷,一,,
距,:,足,巨,,,,,
凶,:,凵,丶,ノ,,,,
狂,:,⺨,王,,,,,
享,:,亠,口,子,,,,
峡,:,山,夫,丷,,,,
狭,:,⺨,夫,丷,,,,
恭,:,井,心,,,,,
脅,:,力,力,力,月,,,
郷,:,幺,艮,⻏,,,,
矯,:,矢,呑,冂,口,,,
鏡,:,金,音,儿,,,,
響,:,幺,艮,⻏,音,,,
驚,:,苟,攵,馬,,,,
仰,:,⺅,ノ,｜,卩,,,
暁,:,日,十,廾,儿,,,
凝,:,冫,匕,マ,疋,矢,,
菌,:,⺾,囗,禾,,,,
琴,:,王,王,今,,,,
筋,:,竹,月,力,,,,
緊,:,臣,又,糸,,,,
錦,:,金,白,巾,,,,
謹,:,言,⺾,口,一,土,,
襟,:,⻂,木,木,示,,,
吟,:,口,今,,,,,
句,:,勹,口,,,,,
駆,:,馬,区,,,,,
愚,:,禺,心,,,,,
遇,:,禺,⻌,,,,,
屈,:,尸,山,山,,,,
熊,:,厶,月,匕,匕,⺣,,
繰,:,糸,品,木,,,,
勲,:,重,力,⺣,,,,
薫,:,⺾,重,⺣,,,,
郡,:,ヨ,ノ,口,⻏,,,
刑,:,一,廾,⺉,,,,
系,:,ノ,糸,,,,,
径,:,彳,又,土,,,,
茎,:,⺾,又,土,,,,
契,:,亠,土,刀,大,,,
啓,:,戸,攵,口,,,,
掲,:,⺘,日,勹,匕,,,
渓,:,⺡,爪,夫,,,,
蛍,:,⺌,冖,虫,,,,
携,:,⺘,隹,乃,,,,
継,:,糸,米,一,｜,,,
慶,:,广,曲,愛,,,,
憩,:,舌,自,心,,,,
鶏,:,爪,夫,鳥,,,,
鯨,:,魚,京,,,,,
撃,:,車,殳,手,,,,
激,:,⺡,白,方,攵,,,
結,:,糸,士,口,,,,
傑,:,⺅,舛,木,,,,
潔,:,⺡,亠,土,刀,糸,,
倹,:,⺅,𠆢,一,人,口,,
兼,:,一,｜,ハ,并,ヨ,,
剣,:,一,人,口,⺉,,,
拳,:,丷,夫,手,,,,
圏,:,囗,丷,夫,已,,,
堅,:,臣,又,土,,,,
検,:,木,𠆢,一,人,口,,
嫌,:,女,兼,,,,,
献,:,南,犬,,,,,
絹,:,糸,口,月,,,,
遣,:,⻌,中,一,口,口,｜,
憲,:,宀,亠,土,⺲,心,,
謙,:,言,兼,,,,,
繭,:,⺾,冂,｜,糸,虫,,
顕,:,日,｜,｜,丷,一,頁,
懸,:,県,糸,心,,,,
幻,:,幺,一,亅,,,,
弦,:,弓,玄,,,,,
源,:,⺡,厂,白,小,,,
厳,:,⺌,厂,耳,攵,,,
虎,:,虍,儿,,,,,
孤,:,子,瓜,,,,,
弧,:,弓,瓜,,,,,
誇,:,言,大,二,勹,,,
顧,:,戸,隹,頁,,,,
呉,:,口,天,,,,,
娯,:,女,呉,,,,,
悟,:,⺖,五,口,,,,
碁,:,其,石,,,,,
護,:,言,⺾,隹,又,,,
孔,:,子,乙,,,,,
功,:,工,力,,,,,
巧,:,工,一,勹,,,,
甲,:,｜,田,,,,,
后,:,厂,一,口,,,,
江,:,⺡,工,,,,,
坑,:,土,亠,几,,,,
孝,:,⺹,子,,,,,
抗,:,⺘,亠,几,,,,
攻,:,工,攵,,,,,
拘,:,⺘,勹,口,,,,
侯,:,⺅,ユ,矢,,,,
恒,:,⺖,一,旦,,,,
洪,:,⺡,共,,,,,
皇,:,白,王,,,,,
貢,:,工,貝,,,,,
控,:,⺘,穴,工,,,,
絞,:,糸,亠,父,,,,
項,:,工,頁,,,,,
溝,:,⺡,井,再,,,,
綱,:,糸,岡,,,,,
酵,:,酉,⺹,子,,,,
稿,:,禾,高,,,,,
興,:,臼,同,一,ハ,,,
衡,:,行,魚,大,,,,
鋼,:,金,岡,,,,,
購,:,貝,井,再,,,,
拷,:,⺘,⺹,勹,,,,
剛,:,岡,⺉,,,,,
豪,:,亠,冖,口,豕,,,
克,:,儿,十,口,,,,
穀,:,士,冖,禾,殳,,,
酷,:,酉,告,,,,,
獄,:,⺨,言,犬,,,,
駒,:,馬,勹,口,,,,
昆,:,日,比,,,,,
恨,:,⺖,艮,,,,,
紺,:,糸,甘,,,,,
魂,:,云,鬼,,,,,
墾,:,豸,艮,土,,,,
懇,:,豸,艮,心,,,,
佐,:,⺅,左,,,,,
沙,:,⺡,少,,,,,
唆,:,口,厶,儿,夂,,,
詐,:,言,𠂉,｜,二,,,
鎖,:,金,⺌,貝,,,,
災,:,巛,火,,,,,
采,:,爪,木,,,,,
砕,:,石,九,十,,,,
宰,:,宀,辛,,,,,
栽,:,土,戈,木,,,,
彩,:,爪,木,彡,,,,
斎,:,斉,小,,,,,
裁,:,土,戈,衣,,,,
債,:,⺅,亠,土,貝,,,
催,:,⺅,山,隹,,,,
載,:,土,戈,車,,,,
剤,:,斉,⺉,,,,,
崎,:,山,大,可,,,,
削,:,⺌,月,⺉,,,,
索,:,十,冖,糸,,,,
策,:,竹,冂,木,,,,
酢,:,酉,𠂉,｜,二,,,
搾,:,⺘,穴,𠂉,｜,二,,
錯,:,金,昔,,,,,
撮,:,⺘,日,耳,又,,,
擦,:,⺘,宀,癶,示,,,
桟,:,木,二,戈,,,,
蚕,:,天,虫,,,,,
惨,:,⺖,厶,大,彡,,,
傘,:,𠆢,十,人,人,人,人,
酸,:,酉,厶,儿,夂,,,
暫,:,車,斤,日,,,,
旨,:,匕,日,,,,,
祉,:,⺭,止,,,,,
肢,:,月,十,又,,,,
姿,:,冫,欠,女,,,,
施,:,方,𠂉,也,,,,
視,:,⺭,見,,,,,
紫,:,止,匕,糸,,,,
嗣,:,口,冊,司,,,,
詩,:,言,土,寸,,,,
飼,:,食,司,,,,,
雌,:,止,匕,隹,,,,
賜,:,貝,日,勿,,,,
諮,:,言,冫,欠,口,,,
侍,:,⺅,寺,,,,,
滋,:,⺡,丷,一,幺,幺,,
慈,:,丷,一,幺,幺,心,,
磁,:,石,丷,一,幺,幺,,
軸,:,車,由,,,,,
疾,:,疒,矢,,,,,
執,:,十,辛,丸,,,,
漆,:,⺡,木,𠆢,水,,,
芝,:,⺾,之,,,,,
舎,:,𠆢,口,土,,,,
射,:,身,寸,,,,,
赦,:,赤,攵,,,,,
斜,:,余,斗,,,,,
煮,:,⺹,日,⺣,,,,
遮,:,⻌,广,廾,⺣,,,
謝,:,言,身,寸,,,,
邪,:,牙,⻏,,,,,
蛇,:,虫,宀,匕,,,,
尺,:,尸,丶,,,,,
酌,:,酉,勹,丶,,,,
釈,:,釆,尺,,,,,
爵,:,爪,⺲,艮,寸,,,
寂,:,宀,上,小,又,,,
朱,:,𠂉,木,,,,,
狩,:,⺨,宀,寸,,,,
殊,:,歹,朱,,,,,
珠,:,王,朱,,,,,
趣,:,走,耳,又,,,,
需,:,雨,而,,,,,
儒,:,⺅,雨,而,,,,
樹,:,木,土,豆,寸,,,
囚,:,口,人,,,,,
秀,:,禾,乃,,,,,
宗,:,宀,示,,,,,
臭,:,自,犬,,,,,
就,:,京,尤,,,,,
衆,:,ノ,皿,⺡,氏,,,
愁,:,禾,火,心,,,,
酬,:,酉,川,丶,丶,丶,,
醜,:,酉,鬼,,,,,
襲,:,龍,衣,,,,,
汁,:,⺡,十,,,,,
充,:,亠,厶,儿,,,,
従,:,彳,丷,疋,,,,
渋,:,⺡,止,冫,冫,,,
銃,:,金,充,,,,,
獣,:,⺌,田,一,口,犬,,
縦,:,糸,彳,丷,疋,,,
叔,:,上,小,又,,,,
淑,:,⺡,上,小,又,,,
粛,:,ノ,隶,｜,,,,
縮,:,糸,宀,⺅,百,,,
塾,:,享,丸,土,,,,
熟,:,享,丸,⺣,,,,
俊,:,⺅,厶,儿,夂,,,
瞬,:,目,爪,冖,舛,,,
旬,:,勹,日,,,,,
巡,:,⻌,巛,,,,,
盾,:,厂,十,目,,,,
准,:,冫,隹,,,,,
殉,:,歹,勹,日,,,,
循,:,彳,厂,十,目,,,
潤,:,⺡,門,王,,,,
遵,:,⻌,丷,酉,寸,,,
庶,:,广,廾,⺣,,,,
如,:,女,口,,,,,
序,:,广,予,,,,,
叙,:,余,又,,,,,
徐,:,彳,余,,,,,
升,:,ノ,廾,,,,,
匠,:,匚,斤,,,,,
抄,:,⺘,少,,,,,
肖,:,⺌,月,,,,,
尚,:,⺌,冂,口,,,,
松,:,木,ハ,厶,,,,
沼,:,⺡,刀,口,,,,
昭,:,刀,口,日,,,,
宵,:,宀,⺌,月,,,,
症,:,疒,正,,,,,
祥,:,⺭,羊,,,,,
称,:,禾,勹,小,,,,
唱,:,口,日,日,,,,
渉,:,⺡,止,少,,,,
訟,:,言,ハ,厶,,,,
掌,:,⺌,冖,口,手,,,
晶,:,日,日,日,,,,
焦,:,隹,⺣,,,,,
硝,:,石,⺌,月,,,,
詔,:,言,刀,口,,,,
証,:,言,正,,,,,
傷,:,⺅,𠂉,日,一,勿,,
奨,:,爿,爪,寸,大,,,
詳,:,言,羊,,,,,
彰,:,立,早,彡,,,,
障,:,⻖,立,早,,,,
憧,:,⺖,立,里,,,,
衝,:,行,千,里,,,,
償,:,⺅,⺌,冖,口,貝,,
礁,:,石,隹,⺣,,,,
鐘,:,金,立,里,,,,
冗,:,冖,几,,,,,
浄,:,⺡,争,,,,,
剰,:,禾,开,⺉,,,,
縄,:,糸,田,田,乙,,,
壌,:,土,六,井,衣,,,
嬢,:,女,六,井,衣,,,
錠,:,金,宀,疋,,,,
譲,:,言,六,井,衣,,,
醸,:,酉,六,井,衣,,,
殖,:,歹,直,,,,,
飾,:,食,𠂉,巾,,,,
嘱,:,口,尸,禹,,,,
織,:,糸,音,戈,,,,
辱,:,辰,寸,,,,,
侵,:,⺅,ヨ,冖,又,,,
津,:,⺡,聿,,,,,
唇,:,辰,口,,,,,
娠,:,女,辰,,,,,
振,:,⺘,辰,,,,,
浸,:,⺡,ヨ,冖,又,,,
紳,:,糸,申,,,,,
診,:,言,𠆢,彡,,,,
慎,:,⺖,直,ハ,,,,
審,:,宀,釆,田,,,,
薪,:,⺾,立,木,斤,,,
刃,:,丶,刀,,,,,
仁,:,⺅,二,,,,,
尽,:,尺,冫,,,,,
迅,:,⻌,乙,十,,,,
甚,:,其,｜,一,,,,
陣,:,⻖,車,,,,,
尋,:,ヨ,工,口,寸,,,
須,:,彡,頁,,,,,
垂,:,千,廾,士,,,,
炊,:,火,欠,,,,,
帥,:,ノ,｜,口,口,巾,,
粋,:,米,九,十,,,,
衰,:,一,口,衣,,,,
推,:,⺘,隹,,,,,
酔,:,酉,九,十,,,,
遂,:,⻌,丷,豕,,,,
睡,:,目,垂,,,,,
穂,:,禾,十,田,心,,,
随,:,⻖,⻌,有,,,,
髄,:,骨,⻌,有,,,,
枢,:,木,区,,,,,
崇,:,山,宀,示,,,,
据,:,⺘,尸,古,,,,
杉,:,木,彡,,,,,
瀬,:,⺡,束,頁,,,,
是,:,日,疋,,,,,
征,:,彳,正,,,,,
牲,:,牛,生,,,,,
逝,:,⻌,⺘,斤,,,,
盛,:,成,皿,,,,,
婿,:,女,疋,月,,,,
聖,:,耳,口,王,,,,
誠,:,言,成,,,,,
製,:,牛,巾,⺉,衣,,,
誓,:,⺘,斤,言,,,,
請,:,言,青,,,,,
斥,:,斤,丶,,,,,
析,:,木,斤,,,,,
隻,:,隹,又,,,,,
惜,:,⺖,昔,,,,,
跡,:,足,亦,,,,,
籍,:,竹,耒,昔,,,,
拙,:,⺘,山,山,,,,
窃,:,穴,匕,刀,,,,
摂,:,⺘,耳,冫,冫,,,
仙,:,⺅,山,,,,,
宣,:,宀,一,旦,,,,
染,:,⺡,九,木,,,,
扇,:,戸,羽,,,,,
栓,:,木,𠆢,王,,,,
旋,:,方,𠂉,疋,,,,
践,:,足,二,戈,,,,
銭,:,金,二,戈,,,,
潜,:,⺡,夫,夫,日,,,
遷,:,⻌,西,大,已,,,
薦,:,⺾,广,曲,与,⺣,,
繊,:,糸,赤,戈,,,,
鮮,:,魚,羊,,,,,
禅,:,⺭,丷,田,十,,,
漸,:,⺡,車,斤,,,,
繕,:,糸,羊,丷,,,,
狙,:,⺨,目,一,口,,,
阻,:,⻖,,,,,,
租,:,禾,目,一,,,,
素,:,亠,土,糸,,,,
措,:,⺘,昔,,,,,
粗,:,米,目,一,,,,
疎,:,止,束,,,,,
訴,:,言,斤,丶,,,,
塑,:,丷,屮,月,土,,,
礎,:,石,木,木,疋,,,
壮,:,爿,士,,,,,
奏,:,二,大,天,,,,
荘,:,⺾,爿,士,,,,
倉,:,𠆢,一,尸,口,,,
挿,:,⺘,千,日,,,,
桑,:,又,又,又,木,,,
巣,:,⺌,田,木,,,,
曹,:,一,曲,日,,,,
爽,:,爽,,,,,,
創,:,𠆢,一,尸,口,⺉,,
喪,:,亠,口,口,衣,,,
葬,:,⺾,歹,匕,廾,,,
僧,:,⺅,丷,田,日,,,
遭,:,⻌,一,曲,日,,,
槽,:,木,一,曲,日,,,
霜,:,雨,木,目,,,,
騒,:,馬,又,虫,,,,
藻,:,⺾,⺡,口,口,口,木,
即,:,艮,卩,,,,,
促,:,⺅,足,,,,,
俗,:,⺅,谷,,,,,
属,:,尸,禹,,,,,
賊,:,貝,十,戈,,,,
率,:,冫,冫,玄,十,,,
汰,:,⺡,大,丶,,,,
妥,:,爪,女,,,,,
堕,:,⻖,有,土,,,,
惰,:,⺖,左,月,,,,
駄,:,馬,大,丶,,,,
耐,:,而,寸,,,,,
怠,:,厶,口,心,,,,
胎,:,厶,口,月,,,,
泰,:,二,大,水,,,,
逮,:,⻌,隶,,,,,
隊,:,⻖,丷,豕,,,,
滞,:,⺡,凵,十,冖,巾,,
態,:,厶,月,匕,匕,心,,
第,:,竹,ノ,｜,弓,,,
滝,:,⺡,立,田,乙,,,
択,:,⺘,尸,丶,,,,
沢,:,⺡,尸,丶,,,,
卓,:,卜,早,,,,,
拓,:,⺘,石,,,,,
託,:,言,ノ,一,乙,,,
諾,:,言,⺾,右,,,,
濁,:,⺡,⺲,勹,虫,,,
但,:,⺅,旦,,,,,
脱,:,月,丷,兄,,,,
奪,:,大,隹,寸,,,,
棚,:,木,月,月,,,,
丹,:,冂,丶,一,,,,
旦,:,日,一,,,,,
胆,:,月,旦,,,,,
淡,:,⺡,火,火,,,,
嘆,:,口,⺾,口,夫,,,
端,:,立,山,而,,,,
誕,:,言,廴,ノ,止,,,
鍛,:,金,ノ,｜,三,殳,,
弾,:,弓,⺌,田,十,,,
暖,:,日,爪,一,友,,,
壇,:,土,亠,口,口,旦,,
致,:,至,攵,,,,,
痴,:,疒,矢,口,,,,
稚,:,禾,隹,,,,,
逐,:,⻌,豕,,,,,
蓄,:,⺾,玄,田,,,,
秩,:,禾,𠂉,大,,,,
窒,:,穴,至,,,,,
嫡,:,女,立,冂,古,,,
沖,:,⺡,中,,,,,
宙,:,宀,由,,,,,
忠,:,中,心,,,,,
抽,:,⺘,由,,,,,
衷,:,十,中,衣,,,,
鋳,:,金,寿,,,,,
丁,:,一,亅,,,,,
弔,:,｜,弓,,,,,
挑,:,⺘,冫,儿,冫,,,
帳,:,巾,長,,,,,
彫,:,冂,土,口,彡,,,
眺,:,目,冫,儿,冫,,,
釣,:,金,勹,丶,,,,
腸,:,月,日,一,勿,,,
跳,:,足,冫,儿,冫,,,
徴,:,彳,山,王,攵,,,
潮,:,⺡,十,早,月,,,
澄,:,⺡,癶,豆,,,,
聴,:,耳,十,⺲,心,,,
懲,:,彳,山,王,攵,心,,
勅,:,束,力,,,,,
朕,:,月,丷,天,,,,
陳,:,⻖,東,,,,,
鎮,:,金,十,具,,,,
椎,:,木,隹,,,,,
墜,:,⻖,丷,豕,土,,,
塚,:,土,冖,豕,,,,
漬,:,⺡,亠,土,貝,,,
坪,:,土,干,丷,,,,
鶴,:,冖,隹,鳥,,,,
呈,:,口,王,,,,,
廷,:,廴,王,,,,,
抵,:,⺘,氏,,,,,
邸,:,氏,⻏,,,,,
亭,:,亠,口,冖,丁,,,
貞,:,卜,貝,,,,,
帝,:,立,冖,巾,,,,
訂,:,言,丁,,,,,
逓,:,⻌,厂,二,巾,,,
偵,:,⺅,卜,貝,,,,
堤,:,土,日,疋,,,,
提,:,⺘,日,疋,,,,
艇,:,舟,廴,王,,,,
締,:,糸,立,冖,巾,,,
笛,:,竹,由,,,,,
摘,:,⺘,立,冂,古,,,
敵,:,立,冂,古,攵,,,
迭,:,⻌,失,,,,,
哲,:,⺘,斤,口,,,,
徹,:,彳,育,攵,,,,
撤,:,⺘,育,攵,,,,
典,:,曲,一,ハ,,,,
添,:,⺡,天,心,,,,
吐,:,口,土,,,,,
奴,:,女,又,,,,,
桃,:,木,冫,儿,冫,,,
討,:,言,寸,,,,,
透,:,⻌,禾,乃,,,,
悼,:,⺖,卜,早,,,,
陶,:,⻖,勹,午,凵,,,
搭,:,⺘,⺾,合,,,,
棟,:,木,東,,,,,
痘,:,疒,豆,,,,,
統,:,糸,充,,,,,
稲,:,禾,爪,｜,日,,,
踏,:,足,水,日,,,,
糖,:,米,广,ヨ,｜,口,,
謄,:,月,丷,夫,言,,,
藤,:,⺾,月,丷,夫,水,,
闘,:,門,豆,寸,,,,
騰,:,月,丷,夫,馬,,,
洞,:,⺡,同,,,,,
胴,:,月,同,,,,,
瞳,:,目,立,里,,,,
峠,:,山,上,下,,,,
匿,:,匚,⺾,右,,,,
督,:,上,小,又,目,,,
徳,:,彳,十,⺲,心,,,
篤,:,竹,馬,,,,,
独,:,⺨,虫,,,,,
凸,:,一,一,冂,凵,,,
豚,:,月,豕,,,,,
那,:,二,刀,⻏,,,,
奈,:,大,示,,,,,
梨,:,禾,⺉,木,,,,
尼,:,尸,匕,,,,,
弐,:,一,弋,二,,,,
虹,:,虫,工,,,,,
尿,:,尸,水,,,,,
妊,:,女,王,,,,,
忍,:,丶,刀,心,,,,
寧,:,宀,心,皿,丁,,,
粘,:,米,卜,口,,,,
納,:,糸,人,冂,,,,
把,:,⺘,巴,,,,,
派,:,⺡,厂,氏,,,,
覇,:,西,革,月,,,,
婆,:,⺡,皮,女,,,,
肺,:,月,亠,巾,,,,
俳,:,⺅,非,,,,,
排,:,⺘,非,,,,,
廃,:,广,癶,二,儿,,,
輩,:,非,車,,,,,
梅,:,木,𠂉,母,,,,
培,:,土,立,口,,,,
陪,:,⻖,立,口,,,,
媒,:,女,甘,木,,,,
賠,:,貝,立,口,,,,
伯,:,⺅,白,,,,,
拍,:,⺘,白,,,,,
迫,:,⻌,白,,,,,
舶,:,舟,白,,,,,
博,:,十,甫,寸,,,,
漠,:,⺡,⺾,日,大,,,
縛,:,糸,甫,寸,,,,
鉢,:,金,本,,,,,
伐,:,⺅,戈,,,,,
罰,:,⺲,言,⺉,,,,
閥,:,門,⺅,戈,,,,
帆,:,巾,凡,,,,,
伴,:,⺅,半,,,,,
班,:,王,⺉,王,,,,
畔,:,田,半,,,,,
搬,:,⺘,舟,殳,,,,
煩,:,火,頁,,,,,
頒,:,分,頁,,,,,
範,:,竹,車,卩,,,,
繁,:,𠂉,母,攵,糸,,,
藩,:,⺾,⺡,釆,田,,,
蛮,:,亦,虫,,,,,
盤,:,舟,殳,皿,,,,
妃,:,女,已,,,,,
披,:,⺘,皮,,,,,
肥,:,月,巴,,,,,
卑,:,ノ,田,十,,,,
秘,:,禾,心,ノ,,,,
扉,:,戸,非,,,,,
碑,:,石,ノ,田,十,,,
罷,:,⺲,厶,月,匕,匕,,
避,:,⻌,口,尸,辛,,,
尾,:,尸,毛,,,,,
眉,:,｜,尸,目,,,,
微,:,彳,山,一,几,攵,,
泌,:,⺡,心,ノ,,,,
姫,:,女,臣,,,,,
俵,:,⺅,士,衣,,,,
票,:,西,示,,,,,
漂,:,⺡,西,示,,,,
苗,:,⺾,田,,,,,
描,:,⺘,⺾,田,,,,
浜,:,⺡,斤,一,ハ,,,
賓,:,宀,一,少,貝,,,
頻,:,止,少,頁,,,,
敏,:,𠂉,母,攵,,,,
瓶,:,并,瓦,,,,,
扶,:,⺘,夫,,,,,
附,:,⻖,⺅,寸,,,,
赴,:,走,卜,,,,,
腐,:,广,⺅,寸,肉,,,
敷,:,甫,方,攵,,,,
賦,:,貝,一,弋,止,,,
譜,:,言,並,日,,,,
侮,:,⺅,𠂉,母,,,,
伏,:,⺅,犬,,,,,
覆,:,西,彳,复,,,,
紛,:,糸,分,,,,,
雰,:,雨,分,,,,,
噴,:,口,十,⺾,貝,,,
墳,:,土,十,⺾,貝,,,
憤,:,⺖,十,⺾,貝,,,
奮,:,大,田,隹,,,,
丙,:,一,人,冂,,,,
併,:,⺅,并,,,,,
柄,:,木,一,人,冂,,,
陛,:,⻖,比,土,,,,
塀,:,土,尸,并,,,,
幣,:,敝,巾,,,,,
弊,:,敝,廾,,,,,
癖,:,疒,尸,口,辛,,,
偏,:,⺅,戸,冊,,,,
遍,:,⻌,戸,冊,,,,
弁,:,厶,廾,,,,,
舗,:,𠆢,士,口,甫,,,
墓,:,⺾,日,大,土,,,
慕,:,⺾,日,大,心,,,
簿,:,竹,⺡,甫,寸,,,
芳,:,⺾,方,,,,,
邦,:,三,ノ,⻏,,,,
奉,:,二,大,二,｜,,,
泡,:,⺡,勹,已,,,,
胞,:,月,勹,已,,,,
俸,:,⺅,奉,,,,,
倣,:,⺅,方,攵,,,,
峰,:,山,夂,｜,三,,,
砲,:,石,勹,已,,,,
崩,:,山,月,月,,,,
飽,:,食,勹,已,,,,
褒,:,亠,保,衣,,,,
縫,:,糸,⻌,夂,｜,三,,
乏,:,ノ,之,,,,,
妨,:,女,方,,,,,
房,:,戸,方,,,,,
肪,:,月,方,,,,,
某,:,甘,木,,,,,
冒,:,日,目,,,,,
剖,:,立,口,⺉,,,,
紡,:,糸,方,,,,,
傍,:,⺅,立,冖,方,,,
膨,:,月,土,豆,彡,,,
謀,:,言,甘,木,,,,
朴,:,木,卜,,,,,
牧,:,牛,攵,,,,,
睦,:,目,土,儿,土,,,
僕,:,⺅,羊,丷,一,｜,｜,
墨,:,里,⺣,土,,,,
撲,:,⺘,羊,丷,一,｜,｜,人
没,:,⺡,几,又,,,,
堀,:,土,尸,山,山,,,
奔,:,大,十,廾,,,,
翻,:,釆,田,羽,,,,
凡,:,几,丶,,,,,
盆,:,分,皿,,,,,
摩,:,广,木,木,手,,,
魔,:,广,木,木,鬼,,,
幕,:,⺾,日,大,巾,,,
膜,:,月,⺾,日,大,,,
抹,:,⺘,一,木,,,,
慢,:,⺖,日,⺲,又,,,
漫,:,⺡,日,⺲,又,,,
魅,:,鬼,未,,,,,
岬,:,山,田,｜,,,,
密,:,宀,心,ノ,山,,,
脈,:,月,厂,氏,,,,
妙,:,女,少,,,,,
霧,:,雨,矛,攵,力,,,
盟,:,日,月,皿,,,,
銘,:,金,夕,口,,,,
滅,:,⺡,戊,一,火,,,
茂,:,⺾,ノ,戈,,,,
模,:,木,⺾,日,大,,,
妄,:,亡,女,,,,,
盲,:,亡,目,,,,,
耗,:,耒,毛,,,,,
猛,:,⺨,子,皿,,,,
網,:,糸,冂,丷,一,亡,,
黙,:,里,犬,⺣,,,,
紋,:,糸,文,,,,,
冶,:,冫,厶,口,,,,
弥,:,弓,勹,小,,,,
厄,:,厂,卩,,,,,
訳,:,言,尺,,,,,
躍,:,足,羽,隹,,,,
愉,:,⺖,𠆢,一,月,⺉,,
諭,:,言,𠆢,一,月,⺉,,
癒,:,疒,心,𠆢,一,月,⺉,
唯,:,口,隹,,,,,
幽,:,凵,｜,幺,幺,,,
悠,:,⺅,｜,攵,心,,,
湧,:,⺡,マ,田,力,,,
猶,:,⺨,丷,酉,,,,
裕,:,⻂,谷,,,,,
雄,:,一,ノ,厶,隹,,,
誘,:,言,禾,乃,,,,
憂,:,一,自,愛,,,,
融,:,鬲,虫,,,,,
誉,:,⺌,一,ハ,言,,,
庸,:,广,用,聿,,,,
揚,:,⺘,日,一,勿,,,
揺,:,⺘,爪,干,凵,,,
窯,:,穴,羊,⺣,,,,
養,:,羊,食,,,,,
擁,:,⺘,亠,幺,隹,,,
謡,:,言,爪,干,凵,,,
抑,:,⺘,ノ,｜,卩,,,
翼,:,羽,田 ,共,,,,
裸,:,⻂,田,木,,,,
羅,:,⺲,糸,隹,,,,
雷,:,雨,田,,,,,
酪,:,酉,夂,口,,,,
覧,:,臣,ノ,二,見,,,
濫,:,⺡,臣,ノ,二,皿,,
藍,:,⺾,臣,ノ,二,皿,,
欄,:,木,門,東,,,,
吏,:,一,口,丶,ノ,,,
痢,:,疒,禾,⺉,,,,
履,:,尸,彳,复,,,,
璃,:,王,离,,,,,
離,:,离,隹,,,,,
柳,:,木,卯,,,,,
隆,:,⻖,夂,一,生,,,
硫,:,石,亠,厶,川,,,
虜,:,虍,田,力,,,,
慮,:,虍,田,心,,,,
猟,:,⺨,⺌,用,,,,
陵,:,⻖,土,夂,,,,
僚,:,⺅,大,丷,日,小,,
寮,:,大,宀,丷,日,小,,
瞭,:,目,大,丷,日,小,,
糧,:,米,旦,里,,,,
厘,:,厂,里,,,,,
倫,:,⺅,𠆢,一,冊,,,
隣,:,⻖,米,舛,,,,
臨,:,臣,𠂉,口,口,口,,
瑠,:,王,厶,刀,田,,,
累,:,田,糸,,,,,
塁,:,田,冫,冫,土,,,
励,:,厂,一 ,勹,力,,,
鈴,:,金,令,,,,,
霊,:,雨,二,｜,｜,丷,一,
隷,:,士,示,隶,,,,
麗,:,一,凡,一,凡,鹿,,
暦,:,厂,木,木,日,,,
劣,:,少,力,,,,,
烈,:,歹,⺉,⺣,,,,
裂,:,歹,⺉,衣,,,,
廉,:,广,兼,,,,,
錬,:,金,東,,,,,
呂,:,口,ノ,口,,,,
炉,:,火,戸,,,,,
露,:,雨,足,各,,,,
郎,:,丶,艮,⻏,,,,
朗,:,丶,艮,月,,,,
浪,:,⺡,丶,艮,,,,
廊,:,广,丶,艮,⻏,,,
楼,:,木,米,女,,,,
漏,:,⺡,尸,雨,,,,
賄,:,貝,有,,,,,
惑,:,口,一,戈,心,,,
枠,:,木,九,十,,,,